{
  "fov_angle": 114.98606188037127,
  "fov_width": 48.544744137990349
}