{
  "fov_angle": 67.0859892464699,
  "fov_width": 48.160732448593912
}