{
  "fov_angle": 32.241545388999654,
  "fov_width": 62.840800827026044
}