{
  "fov_angle": 109.19126599976818,
  "fov_width": 64.90901088328998
}