{
  "fov_angle": 35.485682950960694,
  "fov_width": 25.033558282864814
}