{
  "fov_angle": 141.36936950572002,
  "fov_width": 52.741622172164654
}