{
  "fov_angle": 144.56979446149771,
  "fov_width": 59.780532954250148
}