{
  "fov_angle": 122.88696827050303,
  "fov_width": 56.109142075195074
}