{
  "fov_angle": 109.76705134189207,
  "fov_width": 55.47359991789704
}