{
  "fov_angle": 39.263243793870728,
  "fov_width": 20.988001231919835
}