{
  "fov_angle": 70.682391279748231,
  "fov_width": 27.930720981943512
}