{
  "fov_angle": 145.77045963044233,
  "fov_width": 21.934322907061734
}