{
  "fov_angle": 89.350163018507828,
  "fov_width": 33.734535736617417
}