{
  "fov_angle": 47.087592149220782,
  "fov_width": 65.666922946876852
}