{
  "fov_angle": 125.66643668932505,
  "fov_width": 43.961015324468349
}