{
  "fov_angle": 130.00266914637547,
  "fov_width": 44.623559695404182
}