{
  "fov_angle": 72.642483666150156,
  "fov_width": 35.862213760357186
}