{
  "fov_angle": 108.0740599787872,
  "fov_width": 23.791682789979717
}