{
  "fov_angle": 45.448473190550068,
  "fov_width": 58.699948284409956
}