{
  "fov_angle": 52.394565300029079,
  "fov_width": 55.322133066317228
}