{
  "fov_angle": 97.0747854576003,
  "fov_width": 61.242904926066956
}