{
  "fov_angle": 119.74942755643593,
  "fov_width": 36.19138469821096
}