{
  "fov_angle": 144.84887800483793,
  "fov_width": 58.810021300378679
}