{
  "fov_angle": 142.14527093391609,
  "fov_width": 50.694465205311239
}