{
  "fov_angle": 57.077977684308387,
  "fov_width": 49.216674393868018
}