{
  "fov_angle": 73.894505514926024,
  "fov_width": 69.779982126161826
}