{
  "fov_angle": 136.33559020523228,
  "fov_width": 29.717224435976245
}