{
  "fov_angle": 144.36619363953997,
  "fov_width": 35.851995101024514
}