{
  "fov_angle": 91.197594137346982,
  "fov_width": 60.3935593977651
}