{
  "fov_angle": 58.248896416166332,
  "fov_width": 54.965435580756065
}