{
  "fov_angle": 82.005513881551,
  "fov_width": 37.633036150650312
}