{
  "fov_angle": 142.91638012032953,
  "fov_width": 34.021407795961778
}