{
  "fov_angle": 53.946858598059357,
  "fov_width": 20.559672303237917
}