{
  "fov_angle": 109.65755802334108,
  "fov_width": 35.269299096223882
}