{
  "fov_angle": 82.1032298318556,
  "fov_width": 65.8776803179862
}