{
  "fov_angle": 81.293254893762764,
  "fov_width": 29.112033659063378
}