{
  "fov_angle": 130.26641786240225,
  "fov_width": 60.948038223391428
}