{
  "fov_angle": 47.961445377335707,
  "fov_width": 47.564719390393094
}