{
  "fov_angle": 120.7433061602013,
  "fov_width": 30.429693729361812
}