{
  "fov_angle": 63.37745373888766,
  "fov_width": 29.508521381803007
}