{
  "fov_angle": 131.18220724783811,
  "fov_width": 50.881058184737874
}