{
  "fov_angle": 71.464174609347708,
  "fov_width": 57.131338460355174
}