{
  "fov_angle": 149.92351838417483,
  "fov_width": 38.153665501873981
}