{
  "fov_angle": 135.50728420525098,
  "fov_width": 34.8332823443632
}