{
  "fov_angle": 98.739411178482683,
  "fov_width": 35.805624439984086
}