{
  "fov_angle": 40.217238106208832,
  "fov_width": 49.249749542593278
}