{
  "fov_angle": 80.774079790703766,
  "fov_width": 11.011382244247576
}