{
  "fov_angle": 91.906053178515791,
  "fov_width": 51.817178090621795
}