{
  "fov_angle": 67.555432043383291,
  "fov_width": 69.862242722960687
}