{
  "fov_angle": 75.708478571585317,
  "fov_width": 45.593135604822947
}