{
  "fov_angle": 145.70371247434525,
  "fov_width": 34.22175740589644
}