{
  "fov_angle": 99.598495789504227,
  "fov_width": 66.302907361586151
}