{
  "fov_angle": 57.270044228045649,
  "fov_width": 43.031969148433113
}