{
  "fov_angle": 144.039827263277,
  "fov_width": 48.475300997403231
}