{
  "fov_angle": 67.970563060047624,
  "fov_width": 36.702077361855764
}