{
  "fov_angle": 123.03089133088437,
  "fov_width": 34.313775607279247
}