{
  "fov_angle": 106.67866420732743,
  "fov_width": 45.17908766560101
}