{
  "fov_angle": 122.79579965506748,
  "fov_width": 47.218684344039211
}