{
  "fov_angle": 52.526300795873354,
  "fov_width": 23.539400658463414
}