{
  "fov_angle": 117.04493499600987,
  "fov_width": 37.627254306131505
}