{
  "fov_angle": 90.28750571318588,
  "fov_width": 59.861951045580383
}