{
  "fov_angle": 116.87682269798019,
  "fov_width": 25.668727049781733
}