{
  "fov_angle": 57.746779902028138,
  "fov_width": 49.728766312784337
}