{
  "fov_angle": 99.349426030388116,
  "fov_width": 47.062974327530405
}