{
  "fov_angle": 72.2519718143651,
  "fov_width": 42.622898380233366
}