{
  "fov_angle": 65.061250083108973,
  "fov_width": 14.98064465271624
}