{
  "fov_angle": 61.550570905958857,
  "fov_width": 48.218653571777267
}