{
  "fov_angle": 89.480992694059,
  "fov_width": 66.369169801189827
}