{
  "fov_angle": 53.530654560139723,
  "fov_width": 46.273797484941532
}