{
  "fov_angle": 146.27225161117008,
  "fov_width": 29.189844285503966
}