{
  "fov_angle": 110.54561077390588,
  "fov_width": 14.048312844772875
}