{
  "fov_angle": 94.566341382639365,
  "fov_width": 12.430631562614325
}