{
  "fov_angle": 143.06349860470334,
  "fov_width": 20.556271597277938
}