{
  "fov_angle": 132.20191163961033,
  "fov_width": 53.001988142416629
}