{
  "fov_angle": 135.52005701568953,
  "fov_width": 51.260151518548305
}