{
  "fov_angle": 91.790278649703552,
  "fov_width": 26.386158665854335
}