{
  "fov_angle": 79.83942139043171,
  "fov_width": 24.520365772071624
}