{
  "fov_angle": 117.53434494386985,
  "fov_width": 41.898803998810195
}