{
  "fov_angle": 34.634149848432841,
  "fov_width": 29.080426738656509
}