{
  "fov_angle": 43.475265071704072,
  "fov_width": 54.514072857015023
}