{
  "fov_angle": 121.56884338954328,
  "fov_width": 57.420368576405963
}