{
  "fov_angle": 138.0630226095557,
  "fov_width": 38.674029076595062
}