{
  "fov_angle": 106.13163179941708,
  "fov_width": 36.625745269572526
}