{
  "fov_angle": 74.238551203208985,
  "fov_width": 12.942136895734265
}