{
  "fov_angle": 91.600899120054365,
  "fov_width": 50.89341235291478
}