{
  "fov_angle": 107.09385046528783,
  "fov_width": 40.623656209619256
}