{
  "fov_angle": 72.463842392700343,
  "fov_width": 28.5741915641512
}