{
  "fov_angle": 104.15429516935777,
  "fov_width": 57.459795333164934
}