{
  "fov_angle": 68.114315985683675,
  "fov_width": 69.66768188737538
}