{
  "fov_angle": 67.472242029308688,
  "fov_width": 52.481156255229322
}