{
  "fov_angle": 47.179562760990166,
  "fov_width": 27.865728239861252
}