{
  "fov_angle": 107.63726925831536,
  "fov_width": 50.260379094875454
}