{
  "fov_angle": 94.331536358373015,
  "fov_width": 14.739472336693822
}