{
  "fov_angle": 104.53673579499444,
  "fov_width": 16.670389360206222
}