{
  "fov_angle": 99.552469822211009,
  "fov_width": 48.533042267917523
}