{
  "fov_angle": 38.526617409259956,
  "fov_width": 53.468289805862767
}