{
  "fov_angle": 115.44130367859378,
  "fov_width": 11.659106160963336
}