{
  "fov_angle": 65.0961341095586,
  "fov_width": 46.077110637064784
}