{
  "fov_angle": 110.03457102678553,
  "fov_width": 46.730104786431923
}