{
  "fov_angle": 139.22328068686397,
  "fov_width": 53.961813726785458
}